{
  "listar condomínios" : {
    "transaction" : "listar condomínios",
    "sampleCount" : 100,
    "errorCount" : 0,
    "errorPct" : 0.0,
    "meanResTime" : 34.300000000000004,
    "medianResTime" : 24.5,
    "minResTime" : 3.0,
    "maxResTime" : 173.0,
    "pct1ResTime" : 74.70000000000002,
    "pct2ResTime" : 95.74999999999994,
    "pct3ResTime" : 172.55999999999977,
    "throughput" : 75.75757575757576,
    "receivedKBytesPerSec" : 30.332623106060606,
    "sentKBytesPerSec" : 11.837121212121211
  },
  "criar unidade de medida" : {
    "transaction" : "criar unidade de medida",
    "sampleCount" : 100,
    "errorCount" : 0,
    "errorPct" : 0.0,
    "meanResTime" : 44.26000000000002,
    "medianResTime" : 31.5,
    "minResTime" : 7.0,
    "maxResTime" : 156.0,
    "pct1ResTime" : 93.60000000000002,
    "pct2ResTime" : 126.0,
    "pct3ResTime" : 155.86999999999995,
    "throughput" : 74.12898443291327,
    "receivedKBytesPerSec" : 37.933191252779835,
    "sentKBytesPerSec" : 26.350537435137138
  },
  "listar unidades de medida" : {
    "transaction" : "listar unidades de medida",
    "sampleCount" : 100,
    "errorCount" : 0,
    "errorPct" : 0.0,
    "meanResTime" : 42.45999999999998,
    "medianResTime" : 31.5,
    "minResTime" : 5.0,
    "maxResTime" : 189.0,
    "pct1ResTime" : 99.90000000000006,
    "pct2ResTime" : 118.94999999999999,
    "pct3ResTime" : 188.56999999999977,
    "throughput" : 77.8816199376947,
    "receivedKBytesPerSec" : 1015.4401832651869,
    "sentKBytesPerSec" : 12.549284462616821
  },
  "Total" : {
    "transaction" : "Total",
    "sampleCount" : 400,
    "errorCount" : 0,
    "errorPct" : 0.0,
    "meanResTime" : 180.46250000000003,
    "medianResTime" : 43.0,
    "minResTime" : 3.0,
    "maxResTime" : 1105.0,
    "pct1ResTime" : 668.6000000000001,
    "pct2ResTime" : 847.4999999999999,
    "pct3ResTime" : 1021.99,
    "throughput" : 256.9043031470777,
    "receivedKBytesPerSec" : 918.3682813503533,
    "sentKBytesPerSec" : 67.4248354206808
  },
  "criar usuário" : {
    "transaction" : "criar usuário",
    "sampleCount" : 100,
    "errorCount" : 0,
    "errorPct" : 0.0,
    "meanResTime" : 600.8299999999998,
    "medianResTime" : 622.5,
    "minResTime" : 185.0,
    "maxResTime" : 1105.0,
    "pct1ResTime" : 929.9000000000002,
    "pct2ResTime" : 1020.95,
    "pct3ResTime" : 1104.2299999999996,
    "throughput" : 64.93506493506493,
    "receivedKBytesPerSec" : 22.638494318181817,
    "sentKBytesPerSec" : 24.477475649350648
  }
}