timeStamp,elapsed,label,responseCode,responseMessage,threadName,dataType,success,failureMessage,bytes,sentBytes,grpThreads,allThreads,URL,Latency,IdleTime,Connect
1731540203357,194,criar usuário,201,,endpoints 1-10,,true,,357,386,32,32,http://localhost:8080/usuarios,186,0,26
1731540203356,196,criar usuário,201,,endpoints 1-1,,true,,357,386,32,32,http://localhost:8080/usuarios,192,0,26
1731540203358,195,criar usuário,201,,endpoints 1-7,,true,,357,386,32,32,http://localhost:8080/usuarios,187,0,25
1731540203356,196,criar usuário,201,,endpoints 1-6,,true,,357,386,32,32,http://localhost:8080/usuarios,192,0,26
1731540203356,196,criar usuário,201,,endpoints 1-2,,true,,357,386,32,32,http://localhost:8080/usuarios,192,0,26
1731540203554,33,criar unidade de medida,201,,endpoints 1-10,text,true,,524,364,35,35,http://localhost:8080/unidades-medidas,32,0,0
1731540203565,28,criar unidade de medida,201,,endpoints 1-6,text,true,,524,364,36,36,http://localhost:8080/unidades-medidas,27,0,0
1731540203566,33,criar unidade de medida,201,,endpoints 1-2,text,true,,524,364,36,36,http://localhost:8080/unidades-medidas,32,0,0
1731540203566,41,criar unidade de medida,201,,endpoints 1-7,text,true,,524,364,37,37,http://localhost:8080/unidades-medidas,41,0,0
1731540203567,43,criar unidade de medida,201,,endpoints 1-1,text,true,,524,364,37,37,http://localhost:8080/unidades-medidas,43,0,0
1731540203587,41,listar condomínios,200,,endpoints 1-10,text,true,,410,160,39,39,http://localhost:8080/condominios,27,0,0
1731540203600,29,listar condomínios,200,,endpoints 1-2,text,true,,410,160,39,39,http://localhost:8080/condominios,29,0,0
1731540203608,27,listar condomínios,200,,endpoints 1-7,text,true,,410,160,40,40,http://localhost:8080/condominios,27,0,0
1731540203594,55,listar condomínios,200,,endpoints 1-6,text,true,,410,160,41,41,http://localhost:8080/condominios,55,0,0
1731540203629,46,listar unidades de medida,200,,endpoints 1-10,text,true,,9192,165,44,44,http://localhost:8080/unidades-medidas,46,0,0
1731540203356,320,criar usuário,201,,endpoints 1-5,,true,,357,386,43,43,http://localhost:8080/usuarios,320,0,26
1731540203356,337,criar usuário,201,,endpoints 1-3,,true,,357,386,45,45,http://localhost:8080/usuarios,337,0,26
1731540203678,21,criar unidade de medida,201,,endpoints 1-5,text,true,,524,364,45,45,http://localhost:8080/unidades-medidas,20,0,0
1731540203636,64,listar unidades de medida,200,,endpoints 1-7,text,true,,9192,165,45,45,http://localhost:8080/unidades-medidas,64,0,0
1731540203356,345,criar usuário,201,,endpoints 1-4,,true,,357,386,45,45,http://localhost:8080/usuarios,345,0,26
1731540203610,96,listar condomínios,200,,endpoints 1-1,text,true,,410,160,45,45,http://localhost:8080/condominios,95,0,0
1731540203629,101,listar unidades de medida,200,,endpoints 1-2,text,true,,9192,165,47,47,http://localhost:8080/unidades-medidas,45,0,0
1731540203706,32,listar unidades de medida,200,,endpoints 1-1,text,true,,9275,165,47,47,http://localhost:8080/unidades-medidas,32,0,0
1731540203650,88,listar unidades de medida,200,,endpoints 1-6,text,true,,9275,165,47,47,http://localhost:8080/unidades-medidas,88,0,0
1731540203357,382,criar usuário,201,,endpoints 1-8,,true,,357,386,47,47,http://localhost:8080/usuarios,382,0,26
1731540203700,43,listar condomínios,200,,endpoints 1-5,text,true,,410,160,46,46,http://localhost:8080/condominios,42,0,0
1731540203384,368,criar usuário,201,,endpoints 1-15,,true,,357,386,46,46,http://localhost:8080/usuarios,368,0,0
1731540203357,397,criar usuário,201,,endpoints 1-12,,true,,357,386,47,47,http://localhost:8080/usuarios,397,0,26
1731540203357,399,criar usuário,201,,endpoints 1-11,,true,,357,386,47,47,http://localhost:8080/usuarios,399,0,26
1731540203703,59,criar unidade de medida,201,,endpoints 1-4,text,true,,524,364,48,48,http://localhost:8080/unidades-medidas,59,0,0
1731540203364,398,criar usuário,201,,endpoints 1-13,,true,,357,386,48,48,http://localhost:8080/usuarios,398,0,19
1731540203695,70,criar unidade de medida,201,,endpoints 1-3,text,true,,524,364,48,48,http://localhost:8080/unidades-medidas,70,0,0
1731540203743,28,listar unidades de medida,200,,endpoints 1-5,text,true,,9275,165,48,48,http://localhost:8080/unidades-medidas,27,0,0
1731540203765,18,listar condomínios,200,,endpoints 1-3,text,true,,410,160,49,49,http://localhost:8080/condominios,18,0,0
1731540203763,25,listar condomínios,200,,endpoints 1-4,text,true,,410,160,49,49,http://localhost:8080/condominios,21,0,0
1731540203473,319,criar usuário,201,,endpoints 1-24,,true,,357,386,49,49,http://localhost:8080/usuarios,319,0,3
1731540203739,53,criar unidade de medida,201,,endpoints 1-8,text,true,,524,364,49,49,http://localhost:8080/unidades-medidas,48,0,0
1731540203753,41,criar unidade de medida,201,,endpoints 1-15,text,true,,524,364,50,50,http://localhost:8080/unidades-medidas,40,0,0
1731540203544,256,criar usuário,201,,endpoints 1-31,,true,,357,386,50,50,http://localhost:8080/usuarios,256,0,1
1731540203563,260,criar usuário,201,,endpoints 1-33,,true,,357,386,53,53,http://localhost:8080/usuarios,260,0,0
1731540203757,70,criar unidade de medida,201,,endpoints 1-11,text,true,,524,364,53,53,http://localhost:8080/unidades-medidas,70,0,0
1731540203764,66,criar unidade de medida,201,,endpoints 1-13,text,true,,524,364,53,53,http://localhost:8080/unidades-medidas,66,0,0
1731540203434,399,criar usuário,201,,endpoints 1-20,,true,,357,386,54,54,http://localhost:8080/usuarios,399,0,1
1731540203795,44,listar condomínios,200,,endpoints 1-15,text,true,,410,160,54,54,http://localhost:8080/condominios,44,0,0
1731540203448,398,criar usuário,201,,endpoints 1-21,,true,,357,386,55,55,http://localhost:8080/usuarios,398,0,4
1731540203758,90,criar unidade de medida,201,,endpoints 1-12,text,true,,524,364,55,55,http://localhost:8080/unidades-medidas,90,0,0
1731540203827,23,listar condomínios,200,,endpoints 1-11,text,true,,410,160,55,55,http://localhost:8080/condominios,23,0,0
1731540203792,66,criar unidade de medida,201,,endpoints 1-24,text,true,,524,364,56,56,http://localhost:8080/unidades-medidas,65,0,0
1731540203823,37,criar unidade de medida,201,,endpoints 1-33,text,true,,524,364,56,56,http://localhost:8080/unidades-medidas,36,0,0
1731540203793,67,listar condomínios,200,,endpoints 1-8,text,true,,410,160,56,56,http://localhost:8080/condominios,63,0,0
1731540203842,20,listar unidades de medida,200,,endpoints 1-15,text,true,,10022,165,57,57,http://localhost:8080/unidades-medidas,20,0,0
1731540203848,25,criar unidade de medida,201,,endpoints 1-21,text,true,,524,364,57,57,http://localhost:8080/unidades-medidas,22,0,0
1731540203800,76,criar unidade de medida,201,,endpoints 1-31,text,true,,524,364,57,57,http://localhost:8080/unidades-medidas,76,0,0
1731540203552,326,criar usuário,201,,endpoints 1-32,,true,,357,386,57,57,http://localhost:8080/usuarios,326,0,1
1731540203831,50,listar condomínios,200,,endpoints 1-13,text,true,,410,160,57,57,http://localhost:8080/condominios,50,0,0
1731540203858,27,listar condomínios,200,,endpoints 1-24,text,true,,410,160,58,58,http://localhost:8080/condominios,26,0,0
1731540203425,463,criar usuário,201,,endpoints 1-19,,true,,357,386,58,58,http://localhost:8080/usuarios,463,0,1
1731540203574,314,criar usuário,201,,endpoints 1-34,,true,,357,386,58,58,http://localhost:8080/usuarios,314,0,4
1731540203673,221,criar usuário,201,,endpoints 1-44,,true,,357,386,59,59,http://localhost:8080/usuarios,221,0,1
1731540203789,107,listar unidades de medida,200,,endpoints 1-4,text,true,,10022,165,59,59,http://localhost:8080/unidades-medidas,90,0,0
1731540203850,48,listar unidades de medida,200,,endpoints 1-11,text,true,,10105,165,58,58,http://localhost:8080/unidades-medidas,48,0,0
1731540203784,118,listar unidades de medida,200,,endpoints 1-3,text,true,,10022,165,57,57,http://localhost:8080/unidades-medidas,79,0,0
1731540203850,54,listar condomínios,200,,endpoints 1-12,text,true,,410,160,57,57,http://localhost:8080/condominios,37,0,0
1731540203861,44,listar condomínios,200,,endpoints 1-33,text,true,,410,160,57,57,http://localhost:8080/condominios,38,0,0
1731540203834,73,criar unidade de medida,201,,endpoints 1-20,text,true,,524,364,57,57,http://localhost:8080/unidades-medidas,46,0,0
1731540203888,19,criar unidade de medida,201,,endpoints 1-19,text,true,,524,364,57,57,http://localhost:8080/unidades-medidas,16,0,0
1731540203894,24,criar unidade de medida,201,,endpoints 1-44,text,true,,524,364,58,58,http://localhost:8080/unidades-medidas,22,0,0
1731540203879,41,criar unidade de medida,201,,endpoints 1-32,text,true,,524,364,58,58,http://localhost:8080/unidades-medidas,40,0,0
1731540203881,46,listar unidades de medida,200,,endpoints 1-13,text,true,,10437,165,59,59,http://localhost:8080/unidades-medidas,43,0,0
1731540203873,57,listar condomínios,200,,endpoints 1-21,text,true,,410,160,58,58,http://localhost:8080/condominios,57,0,0
1731540203886,45,listar unidades de medida,200,,endpoints 1-24,text,true,,10354,165,58,58,http://localhost:8080/unidades-medidas,44,0,0
1731540203483,450,criar usuário,201,,endpoints 1-25,,true,,357,386,58,58,http://localhost:8080/usuarios,450,0,0
1731540203907,28,listar condomínios,200,,endpoints 1-19,text,true,,410,160,58,58,http://localhost:8080/condominios,27,0,0
1731540203919,33,listar condomínios,200,,endpoints 1-44,text,true,,410,160,60,60,http://localhost:8080/condominios,27,0,0
1731540203904,56,listar unidades de medida,200,,endpoints 1-12,text,true,,10520,165,60,60,http://localhost:8080/unidades-medidas,45,0,0
1731540203877,87,listar condomínios,200,,endpoints 1-31,text,true,,410,160,60,60,http://localhost:8080/condominios,61,0,0
1731540203931,34,listar unidades de medida,200,,endpoints 1-21,text,true,,10520,165,60,60,http://localhost:8080/unidades-medidas,31,0,0
1731540203615,352,criar usuário,201,,endpoints 1-38,,true,,357,386,59,59,http://localhost:8080/usuarios,352,0,1
1731540203603,365,criar usuário,201,,endpoints 1-37,,true,,357,386,59,59,http://localhost:8080/usuarios,365,0,2
1731540203935,38,listar unidades de medida,200,,endpoints 1-19,text,true,,10520,165,60,60,http://localhost:8080/unidades-medidas,37,0,0
1731540203374,599,criar usuário,201,,endpoints 1-14,,true,,357,386,60,60,http://localhost:8080/usuarios,599,0,9
1731540203861,113,listar unidades de medida,200,,endpoints 1-8,text,true,,10271,165,59,59,http://localhost:8080/unidades-medidas,80,0,0
1731540203907,67,listar condomínios,200,,endpoints 1-20,text,true,,410,160,59,59,http://localhost:8080/condominios,26,0,0
1731540203683,303,criar usuário,201,,endpoints 1-45,,true,,357,386,59,59,http://localhost:8080/usuarios,303,0,0
1731540203934,52,criar unidade de medida,201,,endpoints 1-25,text,true,,524,364,59,59,http://localhost:8080/unidades-medidas,52,0,0
1731540203905,81,listar unidades de medida,200,,endpoints 1-33,text,true,,10520,165,59,59,http://localhost:8080/unidades-medidas,81,0,0
1731540203889,99,criar unidade de medida,201,,endpoints 1-34,text,true,,524,364,58,58,http://localhost:8080/unidades-medidas,84,0,0
1731540203964,29,listar unidades de medida,200,,endpoints 1-31,text,true,,10686,165,59,59,http://localhost:8080/unidades-medidas,29,0,0
1731540203953,46,listar unidades de medida,200,,endpoints 1-44,text,true,,10520,165,58,58,http://localhost:8080/unidades-medidas,46,0,0
1731540203968,62,criar unidade de medida,201,,endpoints 1-38,text,true,,524,364,60,60,http://localhost:8080/unidades-medidas,61,0,0
1731540203969,72,criar unidade de medida,201,,endpoints 1-37,text,true,,524,364,61,61,http://localhost:8080/unidades-medidas,71,0,0
1731540203975,67,listar unidades de medida,200,,endpoints 1-20,text,true,,10935,165,61,61,http://localhost:8080/unidades-medidas,65,0,0
1731540203415,632,criar usuário,201,,endpoints 1-18,,true,,357,386,61,61,http://localhost:8080/usuarios,632,0,5
1731540204030,20,listar condomínios,200,,endpoints 1-38,text,true,,410,160,61,61,http://localhost:8080/condominios,20,0,0
1731540203693,358,criar usuário,201,,endpoints 1-46,,true,,357,386,61,61,http://localhost:8080/usuarios,358,0,1
1731540203973,85,criar unidade de medida,201,,endpoints 1-14,text,true,,524,364,62,62,http://localhost:8080/unidades-medidas,54,0,0
1731540203358,702,criar usuário,201,,endpoints 1-9,,true,,357,386,62,62,http://localhost:8080/usuarios,702,0,25
1731540203988,76,listar condomínios,200,,endpoints 1-34,text,true,,410,160,63,63,http://localhost:8080/condominios,74,0,0
1731540203408,660,criar usuário,201,,endpoints 1-17,,true,,357,386,63,63,http://localhost:8080/usuarios,660,0,2
1731540203987,84,listar condomínios,200,,endpoints 1-25,text,true,,410,160,63,63,http://localhost:8080/condominios,84,0,0
1731540203401,688,criar usuário,201,,endpoints 1-16,,true,,357,386,65,65,http://localhost:8080/usuarios,688,0,3
1731540203920,173,listar condomínios,200,,endpoints 1-32,text,true,,410,160,66,66,http://localhost:8080/condominios,44,0,0
1731540203663,443,criar usuário,201,,endpoints 1-43,,true,,357,386,67,67,http://localhost:8080/usuarios,443,0,0
1731540203987,143,criar unidade de medida,201,,endpoints 1-45,text,true,,524,364,69,69,http://localhost:8080/unidades-medidas,118,0,0
1731540204064,67,listar unidades de medida,200,,endpoints 1-34,text,true,,11018,165,69,69,http://localhost:8080/unidades-medidas,63,0,0
1731540204042,98,listar condomínios,200,,endpoints 1-37,text,true,,410,160,69,69,http://localhost:8080/condominios,98,0,0
1731540203458,681,criar usuário,201,,endpoints 1-22,,true,,357,386,69,69,http://localhost:8080/usuarios,681,0,1
1731540204061,82,criar unidade de medida,201,,endpoints 1-9,text,true,,524,364,70,70,http://localhost:8080/unidades-medidas,82,0,0
1731540204051,94,criar unidade de medida,201,,endpoints 1-46,text,true,,524,364,70,70,http://localhost:8080/unidades-medidas,93,0,0
1731540204090,64,criar unidade de medida,201,,endpoints 1-16,text,true,,524,364,71,71,http://localhost:8080/unidades-medidas,60,0,0
1731540204050,107,listar unidades de medida,200,,endpoints 1-38,text,true,,11018,165,71,71,http://localhost:8080/unidades-medidas,107,0,0
1731540203733,428,criar usuário,201,,endpoints 1-50,,true,,357,386,70,70,http://localhost:8080/usuarios,428,0,1
1731540203983,185,criar usuário,201,,endpoints 1-75,,true,,357,386,71,71,http://localhost:8080/usuarios,185,0,1
1731540204047,126,criar unidade de medida,201,,endpoints 1-18,text,true,,524,364,72,72,http://localhost:8080/unidades-medidas,119,0,0
1731540203515,665,criar usuário,201,,endpoints 1-28,,true,,357,386,72,72,http://localhost:8080/usuarios,665,0,2
1731540204070,112,criar unidade de medida,201,,endpoints 1-17,text,true,,524,364,73,73,http://localhost:8080/unidades-medidas,96,0,0
1731540204059,126,listar condomínios,200,,endpoints 1-14,text,true,,410,160,73,73,http://localhost:8080/condominios,112,0,0
1731540203813,373,criar usuário,201,,endpoints 1-58,,true,,357,386,73,73,http://localhost:8080/usuarios,373,0,1
1731540203645,549,criar usuário,201,,endpoints 1-41,,true,,357,386,73,73,http://localhost:8080/usuarios,549,0,0
1731540204072,123,listar unidades de medida,200,,endpoints 1-25,text,true,,11101,165,73,73,http://localhost:8080/unidades-medidas,121,0,0
1731540204141,56,criar unidade de medida,201,,endpoints 1-22,text,true,,524,364,73,73,http://localhost:8080/unidades-medidas,53,0,0
1731540204140,59,listar unidades de medida,200,,endpoints 1-37,text,true,,11433,165,73,73,http://localhost:8080/unidades-medidas,59,0,0
1731540204173,29,listar condomínios,200,,endpoints 1-18,text,true,,410,160,72,72,http://localhost:8080/condominios,25,0,0
1731540204162,49,criar unidade de medida,201,,endpoints 1-50,text,true,,524,364,73,73,http://localhost:8080/unidades-medidas,46,0,0
1731540204194,20,criar unidade de medida,201,,endpoints 1-41,text,true,,524,364,74,74,http://localhost:8080/unidades-medidas,17,0,0
1731540204154,61,listar condomínios,200,,endpoints 1-16,text,true,,410,160,74,74,http://localhost:8080/condominios,58,0,0
1731540204145,75,listar condomínios,200,,endpoints 1-46,text,true,,410,160,74,74,http://localhost:8080/condominios,74,0,0
1731540204131,91,listar condomínios,200,,endpoints 1-45,text,true,,410,160,75,75,http://localhost:8080/condominios,91,0,0
1731540204198,25,listar condomínios,200,,endpoints 1-22,text,true,,410,160,75,75,http://localhost:8080/condominios,24,0,0
1731540204203,24,listar unidades de medida,200,,endpoints 1-18,text,true,,11765,165,75,75,http://localhost:8080/unidades-medidas,24,0,0
1731540204186,41,criar unidade de medida,201,,endpoints 1-58,text,true,,524,364,75,75,http://localhost:8080/unidades-medidas,40,0,0
1731540204106,126,criar unidade de medida,201,,endpoints 1-43,text,true,,524,364,74,74,http://localhost:8080/unidades-medidas,124,0,0
1731540204212,24,listar condomínios,200,,endpoints 1-50,text,true,,410,160,75,75,http://localhost:8080/condominios,24,0,0
1731540204214,23,listar condomínios,200,,endpoints 1-41,text,true,,410,160,75,75,http://localhost:8080/condominios,21,0,0
1731540203505,734,criar usuário,201,,endpoints 1-27,,true,,357,386,75,75,http://localhost:8080/usuarios,734,0,0
1731540204182,65,listar condomínios,200,,endpoints 1-17,text,true,,410,160,75,75,http://localhost:8080/condominios,65,0,0
1731540204223,26,listar unidades de medida,200,,endpoints 1-22,text,true,,11931,165,75,75,http://localhost:8080/unidades-medidas,26,0,0
1731540204237,15,listar unidades de medida,200,,endpoints 1-41,text,true,,11931,165,74,74,http://localhost:8080/unidades-medidas,14,0,0
1731540204170,84,criar unidade de medida,201,,endpoints 1-75,text,true,,524,364,73,73,http://localhost:8080/unidades-medidas,82,0,0
1731540204223,33,listar unidades de medida,200,,endpoints 1-45,text,true,,11931,165,73,73,http://localhost:8080/unidades-medidas,29,0,0
1731540204240,23,criar unidade de medida,201,,endpoints 1-27,text,true,,524,364,72,72,http://localhost:8080/unidades-medidas,22,0,0
1731540204143,129,listar condomínios,200,,endpoints 1-9,text,true,,410,160,72,72,http://localhost:8080/condominios,73,0,0
1731540204093,189,listar unidades de medida,200,,endpoints 1-32,text,true,,11931,165,72,72,http://localhost:8080/unidades-medidas,164,0,0
1731540204229,56,listar condomínios,200,,endpoints 1-58,text,true,,410,160,71,71,http://localhost:8080/condominios,35,0,0
1731540204237,51,listar unidades de medida,200,,endpoints 1-50,text,true,,12097,165,71,71,http://localhost:8080/unidades-medidas,43,0,0
1731540204254,36,listar condomínios,200,,endpoints 1-75,text,true,,410,160,70,70,http://localhost:8080/condominios,36,0,0
1731540204248,44,listar unidades de medida,200,,endpoints 1-17,text,true,,12014,165,70,70,http://localhost:8080/unidades-medidas,37,0,0
1731540203536,759,criar usuário,201,,endpoints 1-30,,true,,357,386,69,69,http://localhost:8080/usuarios,759,0,1
1731540204232,65,listar condomínios,200,,endpoints 1-43,text,true,,410,160,69,69,http://localhost:8080/condominios,64,0,0
1731540204272,31,listar unidades de medida,200,,endpoints 1-9,text,true,,12097,165,69,69,http://localhost:8080/unidades-medidas,30,0,0
1731540204216,90,listar unidades de medida,200,,endpoints 1-16,text,true,,12097,165,68,68,http://localhost:8080/unidades-medidas,88,0,0
1731540204264,44,listar condomínios,200,,endpoints 1-27,text,true,,410,160,67,67,http://localhost:8080/condominios,23,0,0
1731540204180,129,criar unidade de medida,201,,endpoints 1-28,text,true,,524,364,67,67,http://localhost:8080/unidades-medidas,129,0,0
1731540204295,24,criar unidade de medida,201,,endpoints 1-30,text,true,,524,364,67,67,http://localhost:8080/unidades-medidas,24,0,0
1731540203494,827,criar usuário,201,,endpoints 1-26,,true,,357,386,67,67,http://localhost:8080/usuarios,827,0,0
1731540204286,35,listar unidades de medida,200,,endpoints 1-58,text,true,,12097,165,67,67,http://localhost:8080/unidades-medidas,35,0,0
1731540204320,9,listar condomínios,200,,endpoints 1-30,text,true,,410,160,66,66,http://localhost:8080/condominios,8,0,0
1731540203703,626,criar usuário,201,,endpoints 1-47,,true,,357,386,66,66,http://localhost:8080/usuarios,626,0,0
1731540204186,146,listar unidades de medida,200,,endpoints 1-14,text,true,,11682,165,66,66,http://localhost:8080/unidades-medidas,142,0,0
1731540203593,741,criar usuário,201,,endpoints 1-36,,true,,357,386,65,65,http://localhost:8080/usuarios,741,0,5
1731540204329,15,listar unidades de medida,200,,endpoints 1-30,text,true,,12180,165,65,65,http://localhost:8080/unidades-medidas,15,0,0
1731540204297,49,listar unidades de medida,200,,endpoints 1-43,text,true,,12097,165,64,64,http://localhost:8080/unidades-medidas,49,0,0
1731540204220,133,listar unidades de medida,200,,endpoints 1-46,text,true,,11848,165,63,63,http://localhost:8080/unidades-medidas,123,0,0
1731540204291,63,listar unidades de medida,200,,endpoints 1-75,text,true,,12097,165,62,62,http://localhost:8080/unidades-medidas,63,0,0
1731540204329,26,criar unidade de medida,201,,endpoints 1-47,text,true,,524,364,62,62,http://localhost:8080/unidades-medidas,25,0,0
1731540203894,468,criar usuário,201,,endpoints 1-66,,true,,357,386,61,61,http://localhost:8080/usuarios,468,0,1
1731540204310,53,listar condomínios,200,,endpoints 1-28,text,true,,410,160,61,61,http://localhost:8080/condominios,53,0,0
1731540203523,899,criar usuário,201,,endpoints 1-29,,true,,357,386,61,61,http://localhost:8080/usuarios,899,0,2
1731540204321,103,criar unidade de medida,201,,endpoints 1-26,text,true,,524,364,61,61,http://localhost:8080/unidades-medidas,102,0,0
1731540204355,72,listar condomínios,200,,endpoints 1-47,text,true,,410,160,61,61,http://localhost:8080/condominios,72,0,0
1731540204308,119,listar unidades de medida,200,,endpoints 1-27,text,true,,12263,165,61,61,http://localhost:8080/unidades-medidas,119,0,0
1731540203653,779,criar usuário,201,,endpoints 1-42,,true,,357,386,60,60,http://localhost:8080/usuarios,779,0,0
1731540204424,9,listar condomínios,200,,endpoints 1-26,text,true,,410,160,60,60,http://localhost:8080/condominios,9,0,0
1731540204427,12,listar unidades de medida,200,,endpoints 1-47,text,true,,12429,165,60,60,http://localhost:8080/unidades-medidas,12,0,0
1731540204422,24,criar unidade de medida,201,,endpoints 1-29,text,true,,524,364,59,59,http://localhost:8080/unidades-medidas,24,0,0
1731540204363,87,listar unidades de medida,200,,endpoints 1-28,text,true,,12429,165,59,59,http://localhost:8080/unidades-medidas,86,0,0
1731540204434,21,listar unidades de medida,200,,endpoints 1-26,text,true,,12429,165,58,58,http://localhost:8080/unidades-medidas,21,0,0
1731540204124,333,criar usuário,201,,endpoints 1-89,,true,,357,386,57,57,http://localhost:8080/usuarios,333,0,0
1731540204447,13,listar condomínios,200,,endpoints 1-29,text,true,,410,160,57,57,http://localhost:8080/condominios,12,0,0
1731540203853,610,criar usuário,201,,endpoints 1-62,,true,,357,386,57,57,http://localhost:8080/usuarios,610,0,1
1731540203823,645,criar usuário,201,,endpoints 1-59,,true,,357,386,57,57,http://localhost:8080/usuarios,645,0,1
1731540204460,9,listar unidades de medida,200,,endpoints 1-29,text,true,,12512,165,57,57,http://localhost:8080/unidades-medidas,8,0,0
1731540203723,747,criar usuário,201,,endpoints 1-49,,true,,357,386,56,56,http://localhost:8080/usuarios,747,0,0
1731540204458,14,criar unidade de medida,201,,endpoints 1-89,text,true,,524,364,56,56,http://localhost:8080/unidades-medidas,14,0,0
1731540204183,293,criar usuário,201,,endpoints 1-95,,true,,357,386,56,56,http://localhost:8080/usuarios,293,0,0
1731540204464,15,criar unidade de medida,201,,endpoints 1-62,text,true,,524,364,56,56,http://localhost:8080/unidades-medidas,15,0,0
1731540204472,7,listar condomínios,200,,endpoints 1-89,text,true,,410,160,56,56,http://localhost:8080/condominios,5,0,0
1731540204073,409,criar usuário,201,,endpoints 1-84,,true,,357,386,56,56,http://localhost:8080/usuarios,409,0,2
1731540204470,18,criar unidade de medida,201,,endpoints 1-49,text,true,,524,364,56,56,http://localhost:8080/unidades-medidas,18,0,0
1731540204334,156,criar unidade de medida,201,,endpoints 1-36,text,true,,524,364,56,56,http://localhost:8080/unidades-medidas,34,0,0
1731540204477,18,criar unidade de medida,201,,endpoints 1-95,text,true,,524,364,56,56,http://localhost:8080/unidades-medidas,18,0,0
1731540204432,69,criar unidade de medida,201,,endpoints 1-42,text,true,,524,364,56,56,http://localhost:8080/unidades-medidas,69,0,0
1731540204479,22,listar condomínios,200,,endpoints 1-62,text,true,,410,160,56,56,http://localhost:8080/condominios,17,0,0
1731540204490,12,listar condomínios,200,,endpoints 1-36,text,true,,410,160,56,56,http://localhost:8080/condominios,11,0,0
1731540204363,141,criar unidade de medida,201,,endpoints 1-66,text,true,,524,364,56,56,http://localhost:8080/unidades-medidas,141,0,0
1731540204483,24,criar unidade de medida,201,,endpoints 1-84,text,true,,524,364,56,56,http://localhost:8080/unidades-medidas,23,0,0
1731540204489,19,listar condomínios,200,,endpoints 1-49,text,true,,410,160,56,56,http://localhost:8080/condominios,18,0,0
1731540204479,31,listar unidades de medida,200,,endpoints 1-89,text,true,,12678,165,56,56,http://localhost:8080/unidades-medidas,30,0,0
1731540204172,343,criar usuário,201,,endpoints 1-94,,true,,357,386,55,55,http://localhost:8080/usuarios,343,0,1
1731540204496,24,listar condomínios,200,,endpoints 1-95,text,true,,410,160,55,55,http://localhost:8080/condominios,24,0,0
1731540204508,17,listar unidades de medida,200,,endpoints 1-49,text,true,,13094,165,55,55,http://localhost:8080/unidades-medidas,16,0,0
1731540203834,696,criar usuário,201,,endpoints 1-60,,true,,357,386,54,54,http://localhost:8080/usuarios,696,0,3
1731540204502,28,listar unidades de medida,200,,endpoints 1-36,text,true,,13094,165,54,54,http://localhost:8080/unidades-medidas,28,0,0
1731540204507,25,listar condomínios,200,,endpoints 1-84,text,true,,410,160,53,53,http://localhost:8080/condominios,25,0,0
1731540204504,31,listar condomínios,200,,endpoints 1-66,text,true,,410,160,53,53,http://localhost:8080/condominios,29,0,0
1731540204502,38,listar condomínios,200,,endpoints 1-42,text,true,,410,160,53,53,http://localhost:8080/condominios,33,0,0
1731540204502,45,listar unidades de medida,200,,endpoints 1-62,text,true,,13094,165,53,53,http://localhost:8080/unidades-medidas,39,0,0
1731540204530,22,criar unidade de medida,201,,endpoints 1-60,text,true,,524,364,52,52,http://localhost:8080/unidades-medidas,16,0,0
1731540204515,38,criar unidade de medida,201,,endpoints 1-94,text,true,,524,364,52,52,http://localhost:8080/unidades-medidas,37,0,0
1731540204468,90,criar unidade de medida,201,,endpoints 1-59,text,true,,524,364,52,52,http://localhost:8080/unidades-medidas,90,0,0
1731540204035,523,criar usuário,201,,endpoints 1-80,,true,,357,386,52,52,http://localhost:8080/usuarios,523,0,0
1731540203584,979,criar usuário,201,,endpoints 1-35,,true,,357,386,52,52,http://localhost:8080/usuarios,979,0,1
1731540204535,28,listar unidades de medida,200,,endpoints 1-66,text,true,,13094,165,52,52,http://localhost:8080/unidades-medidas,28,0,0
1731540203466,1105,criar usuário,201,,endpoints 1-23,,true,,357,386,51,51,http://localhost:8080/usuarios,1105,0,0
1731540204520,54,listar unidades de medida,200,,endpoints 1-95,text,true,,13177,165,51,51,http://localhost:8080/unidades-medidas,53,0,0
1731540204533,42,listar unidades de medida,200,,endpoints 1-84,text,true,,13094,165,50,50,http://localhost:8080/unidades-medidas,38,0,0
1731540204093,483,criar usuário,201,,endpoints 1-86,,true,,357,386,49,49,http://localhost:8080/usuarios,483,0,1
1731540204558,19,listar condomínios,200,,endpoints 1-59,text,true,,410,160,49,49,http://localhost:8080/condominios,18,0,0
1731540203963,619,criar usuário,201,,endpoints 1-73,,true,,357,386,49,49,http://localhost:8080/usuarios,619,0,1
1731540204559,27,criar unidade de medida,201,,endpoints 1-80,text,true,,524,364,49,49,http://localhost:8080/unidades-medidas,23,0,0
1731540204553,38,listar condomínios,200,,endpoints 1-94,text,true,,410,160,49,49,http://localhost:8080/condominios,38,0,0
1731540204576,16,criar unidade de medida,201,,endpoints 1-86,text,true,,524,364,49,49,http://localhost:8080/unidades-medidas,15,0,0
1731540204540,52,listar unidades de medida,200,,endpoints 1-42,text,true,,13343,165,49,49,http://localhost:8080/unidades-medidas,52,0,0
1731540204571,26,criar unidade de medida,201,,endpoints 1-23,text,true,,524,364,48,48,http://localhost:8080/unidades-medidas,26,0,0
1731540203944,653,criar usuário,201,,endpoints 1-71,,true,,357,386,48,48,http://localhost:8080/usuarios,653,0,1
1731540204552,46,listar condomínios,200,,endpoints 1-60,text,true,,410,160,48,48,http://localhost:8080/condominios,46,0,0
1731540204563,37,criar unidade de medida,201,,endpoints 1-35,text,true,,524,364,48,48,http://localhost:8080/unidades-medidas,33,0,0
1731540204586,22,listar condomínios,200,,endpoints 1-80,text,true,,410,160,48,48,http://localhost:8080/condominios,21,0,0
1731540204598,10,criar unidade de medida,201,,endpoints 1-71,text,true,,524,364,48,48,http://localhost:8080/unidades-medidas,10,0,0
1731540204592,19,listar condomínios,200,,endpoints 1-86,text,true,,410,160,48,48,http://localhost:8080/condominios,19,0,0
1731540204600,13,listar condomínios,200,,endpoints 1-35,text,true,,410,160,48,48,http://localhost:8080/condominios,13,0,0
1731540204609,5,listar condomínios,200,,endpoints 1-71,text,true,,410,160,48,48,http://localhost:8080/condominios,5,0,0
1731540204598,17,listar unidades de medida,200,,endpoints 1-60,text,true,,13675,165,48,48,http://localhost:8080/unidades-medidas,16,0,0
1731540204608,10,listar unidades de medida,200,,endpoints 1-80,text,true,,13758,165,47,47,http://localhost:8080/unidades-medidas,10,0,0
1731540204615,8,listar unidades de medida,200,,endpoints 1-71,text,true,,13758,165,46,46,http://localhost:8080/unidades-medidas,8,0,0
1731540204577,48,listar unidades de medida,200,,endpoints 1-59,text,true,,13509,165,45,45,http://localhost:8080/unidades-medidas,43,0,0
1731540204083,545,criar usuário,201,,endpoints 1-85,,true,,357,386,44,44,http://localhost:8080/usuarios,545,0,0
1731540204611,20,listar unidades de medida,200,,endpoints 1-86,text,true,,13758,165,44,44,http://localhost:8080/unidades-medidas,17,0,0
1731540204582,50,criar unidade de medida,201,,endpoints 1-73,text,true,,524,364,43,43,http://localhost:8080/unidades-medidas,48,0,0
1731540204592,43,listar unidades de medida,200,,endpoints 1-94,text,true,,13675,165,43,43,http://localhost:8080/unidades-medidas,33,0,0
1731540204598,43,listar condomínios,200,,endpoints 1-23,text,true,,410,160,42,42,http://localhost:8080/condominios,41,0,0
1731540204234,407,criar usuário,201,,endpoints 1-100,,true,,357,386,42,42,http://localhost:8080/usuarios,407,0,0
1731540203743,902,criar usuário,201,,endpoints 1-51,,true,,357,386,42,42,http://localhost:8080/usuarios,902,0,0
1731540204614,34,listar unidades de medida,200,,endpoints 1-35,text,true,,13841,165,42,42,http://localhost:8080/unidades-medidas,33,0,0
1731540204633,15,listar condomínios,200,,endpoints 1-73,text,true,,410,160,42,42,http://localhost:8080/condominios,14,0,0
1731540203993,656,criar usuário,201,,endpoints 1-76,,true,,357,386,41,41,http://localhost:8080/usuarios,656,0,3
1731540203623,1028,criar usuário,201,,endpoints 1-39,,true,,357,386,41,41,http://localhost:8080/usuarios,1028,0,0
1731540203863,788,criar usuário,201,,endpoints 1-63,,true,,357,386,41,41,http://localhost:8080/usuarios,788,0,1
1731540204641,12,criar unidade de medida,201,,endpoints 1-100,text,true,,524,364,41,41,http://localhost:8080/unidades-medidas,12,0,0
1731540203633,1020,criar usuário,201,,endpoints 1-40,,true,,357,386,41,41,http://localhost:8080/usuarios,1020,0,2
1731540204629,27,criar unidade de medida,201,,endpoints 1-85,text,true,,524,364,41,41,http://localhost:8080/unidades-medidas,21,0,0
1731540204652,11,criar unidade de medida,201,,endpoints 1-39,text,true,,524,364,41,41,http://localhost:8080/unidades-medidas,10,0,0
1731540204153,511,criar usuário,201,,endpoints 1-92,,true,,357,386,41,41,http://localhost:8080/usuarios,511,0,1
1731540204641,23,listar unidades de medida,200,,endpoints 1-23,text,true,,13924,165,41,41,http://localhost:8080/unidades-medidas,22,0,0
1731540204648,17,listar unidades de medida,200,,endpoints 1-73,text,true,,14007,165,41,41,http://localhost:8080/unidades-medidas,17,0,0
1731540204657,10,listar condomínios,200,,endpoints 1-85,text,true,,410,160,39,39,http://localhost:8080/condominios,10,0,0
1731540203805,863,criar usuário,201,,endpoints 1-57,,true,,357,386,39,39,http://localhost:8080/usuarios,863,0,0
1731540204649,19,criar unidade de medida,201,,endpoints 1-76,text,true,,524,364,39,39,http://localhost:8080/unidades-medidas,18,0,0
1731540204654,14,listar condomínios,200,,endpoints 1-100,text,true,,410,160,39,39,http://localhost:8080/condominios,14,0,0
1731540203785,888,criar usuário,201,,endpoints 1-55,,true,,357,386,39,39,http://localhost:8080/usuarios,888,0,1
1731540204646,30,criar unidade de medida,201,,endpoints 1-51,text,true,,524,364,39,39,http://localhost:8080/unidades-medidas,30,0,0
1731540204134,543,criar usuário,201,,endpoints 1-90,,true,,357,386,39,39,http://localhost:8080/usuarios,543,0,1
1731540203795,882,criar usuário,201,,endpoints 1-56,,true,,357,386,39,39,http://localhost:8080/usuarios,882,0,3
1731540204668,12,listar unidades de medida,200,,endpoints 1-85,text,true,,14173,165,39,39,http://localhost:8080/unidades-medidas,11,0,0
1731540204668,13,criar unidade de medida,201,,endpoints 1-57,text,true,,524,364,39,39,http://localhost:8080/unidades-medidas,11,0,0
1731540204668,15,listar condomínios,200,,endpoints 1-76,text,true,,410,160,38,38,http://localhost:8080/condominios,15,0,0
1731540204652,31,criar unidade de medida,201,,endpoints 1-63,text,true,,524,364,38,38,http://localhost:8080/unidades-medidas,29,0,0
1731540204654,32,criar unidade de medida,201,,endpoints 1-40,text,true,,524,364,38,38,http://localhost:8080/unidades-medidas,32,0,0
1731540203753,933,criar usuário,201,,endpoints 1-52,,true,,357,386,38,38,http://localhost:8080/usuarios,933,0,2
1731540203883,804,criar usuário,201,,endpoints 1-65,,true,,357,386,38,38,http://localhost:8080/usuarios,804,0,2
1731540204674,14,criar unidade de medida,201,,endpoints 1-55,text,true,,524,364,38,38,http://localhost:8080/unidades-medidas,14,0,0
1731540204676,16,listar condomínios,200,,endpoints 1-51,text,true,,410,160,38,38,http://localhost:8080/condominios,9,0,0
1731540204064,630,criar usuário,201,,endpoints 1-83,,true,,357,386,38,38,http://localhost:8080/usuarios,630,0,1
1731540204678,17,criar unidade de medida,201,,endpoints 1-56,text,true,,524,364,38,38,http://localhost:8080/unidades-medidas,17,0,0
1731540204683,13,listar condomínios,200,,endpoints 1-63,text,true,,410,160,38,38,http://localhost:8080/condominios,12,0,0
1731540204663,35,listar condomínios,200,,endpoints 1-39,text,true,,410,160,38,38,http://localhost:8080/condominios,31,0,0
1731540204681,17,listar condomínios,200,,endpoints 1-57,text,true,,410,160,38,38,http://localhost:8080/condominios,17,0,0
1731540204207,499,criar usuário,201,,endpoints 1-97,,true,,357,386,38,38,http://localhost:8080/usuarios,499,0,0
1731540204696,12,listar condomínios,200,,endpoints 1-56,text,true,,410,160,38,38,http://localhost:8080/condominios,12,0,0
1731540204686,24,criar unidade de medida,201,,endpoints 1-52,text,true,,524,364,38,38,http://localhost:8080/unidades-medidas,19,0,0
1731540204692,25,listar unidades de medida,200,,endpoints 1-51,text,true,,14920,165,38,38,http://localhost:8080/unidades-medidas,23,0,0
1731540204665,53,criar unidade de medida,201,,endpoints 1-92,text,true,,524,364,37,37,http://localhost:8080/unidades-medidas,22,0,0
1731540204689,29,listar condomínios,200,,endpoints 1-55,text,true,,410,160,37,37,http://localhost:8080/condominios,29,0,0
1731540204165,554,criar usuário,201,,endpoints 1-93,,true,,357,386,37,37,http://localhost:8080/usuarios,554,0,0
1731540204052,669,criar usuário,201,,endpoints 1-82,,true,,357,386,37,37,http://localhost:8080/usuarios,669,0,1
1731540204669,52,listar unidades de medida,200,,endpoints 1-100,text,true,,14837,165,37,37,http://localhost:8080/unidades-medidas,52,0,0
1731540204695,28,criar unidade de medida,201,,endpoints 1-83,text,true,,524,364,36,36,http://localhost:8080/unidades-medidas,28,0,0
1731540204696,30,listar unidades de medida,200,,endpoints 1-63,text,true,,14920,165,36,36,http://localhost:8080/unidades-medidas,26,0,0
1731540204706,20,criar unidade de medida,201,,endpoints 1-97,text,true,,524,364,36,36,http://localhost:8080/unidades-medidas,20,0,0
1731540204710,17,listar condomínios,200,,endpoints 1-52,text,true,,410,160,35,35,http://localhost:8080/condominios,17,0,0
1731540203844,885,criar usuário,201,,endpoints 1-61,,true,,357,386,35,35,http://localhost:8080/usuarios,885,0,0
1731540204677,53,criar unidade de medida,201,,endpoints 1-90,text,true,,524,364,35,35,http://localhost:8080/unidades-medidas,23,0,0
1731540203713,1021,criar usuário,201,,endpoints 1-48,,true,,357,386,35,35,http://localhost:8080/usuarios,1021,0,1
1731540204688,49,criar unidade de medida,201,,endpoints 1-65,text,true,,524,364,35,35,http://localhost:8080/unidades-medidas,48,0,0
1731540204723,17,listar condomínios,200,,endpoints 1-83,text,true,,410,160,35,35,http://localhost:8080/condominios,17,0,0
1731540204698,43,listar unidades de medida,200,,endpoints 1-39,text,true,,15086,165,35,35,http://localhost:8080/unidades-medidas,43,0,0
1731540204722,20,criar unidade de medida,201,,endpoints 1-82,text,true,,524,364,34,34,http://localhost:8080/unidades-medidas,19,0,0
1731540204719,25,listar condomínios,200,,endpoints 1-92,text,true,,410,160,34,34,http://localhost:8080/condominios,21,0,0
1731540204686,59,listar condomínios,200,,endpoints 1-40,text,true,,410,160,34,34,http://localhost:8080/condominios,45,0,0
1731540204737,13,listar condomínios,200,,endpoints 1-65,text,true,,410,160,34,34,http://localhost:8080/condominios,13,0,0
1731540204684,66,listar unidades de medida,200,,endpoints 1-76,text,true,,14837,165,34,34,http://localhost:8080/unidades-medidas,65,0,0
1731540204719,33,criar unidade de medida,201,,endpoints 1-93,text,true,,524,364,33,33,http://localhost:8080/unidades-medidas,31,0,0
1731540204734,21,criar unidade de medida,201,,endpoints 1-48,text,true,,524,364,33,33,http://localhost:8080/unidades-medidas,21,0,0
1731540204740,15,listar unidades de medida,200,,endpoints 1-83,text,true,,15252,165,33,33,http://localhost:8080/unidades-medidas,9,0,0
1731540203874,881,criar usuário,201,,endpoints 1-64,,true,,357,386,33,33,http://localhost:8080/usuarios,881,0,1
1731540204719,38,listar unidades de medida,200,,endpoints 1-55,text,true,,15169,165,32,32,http://localhost:8080/unidades-medidas,35,0,0
1731540204709,49,listar unidades de medida,200,,endpoints 1-56,text,true,,15169,165,31,31,http://localhost:8080/unidades-medidas,49,0,0
1731540204753,6,listar condomínios,200,,endpoints 1-93,text,true,,410,160,31,31,http://localhost:8080/condominios,6,0,0
1731540204745,14,listar unidades de medida,200,,endpoints 1-40,text,true,,15418,165,31,31,http://localhost:8080/unidades-medidas,14,0,0
1731540204699,62,listar unidades de medida,200,,endpoints 1-57,text,true,,15252,165,29,29,http://localhost:8080/unidades-medidas,58,0,0
1731540203913,848,criar usuário,201,,endpoints 1-68,,true,,357,386,29,29,http://localhost:8080/usuarios,848,0,1
1731540204730,33,listar condomínios,200,,endpoints 1-90,text,true,,410,160,28,28,http://localhost:8080/condominios,29,0,0
1731540203932,833,criar usuário,201,,endpoints 1-70,,true,,357,386,28,28,http://localhost:8080/usuarios,833,0,3
1731540204726,40,listar condomínios,200,,endpoints 1-97,text,true,,410,160,28,28,http://localhost:8080/condominios,25,0,0
1731540204755,15,listar condomínios,200,,endpoints 1-48,text,true,,410,160,28,28,http://localhost:8080/condominios,14,0,0
1731540204729,42,criar unidade de medida,201,,endpoints 1-61,text,true,,524,364,28,28,http://localhost:8080/unidades-medidas,41,0,0
1731540204015,759,criar usuário,201,,endpoints 1-78,,true,,357,386,28,28,http://localhost:8080/usuarios,759,0,0
1731540204759,15,listar unidades de medida,200,,endpoints 1-93,text,true,,15418,165,28,28,http://localhost:8080/unidades-medidas,14,0,0
1731540204744,31,listar unidades de medida,200,,endpoints 1-92,text,true,,15418,165,28,28,http://localhost:8080/unidades-medidas,29,0,0
1731540204755,21,criar unidade de medida,201,,endpoints 1-64,text,true,,524,364,26,26,http://localhost:8080/unidades-medidas,21,0,0
1731540204771,8,listar condomínios,200,,endpoints 1-61,text,true,,410,160,26,26,http://localhost:8080/condominios,7,0,0
1731540204742,39,listar condomínios,200,,endpoints 1-82,text,true,,410,160,26,26,http://localhost:8080/condominios,23,0,0
1731540204143,638,criar usuário,201,,endpoints 1-91,,true,,357,386,26,26,http://localhost:8080/usuarios,638,0,1
1731540204750,31,listar unidades de medida,200,,endpoints 1-65,text,true,,15418,165,26,26,http://localhost:8080/unidades-medidas,31,0,0
1731540204727,56,listar unidades de medida,200,,endpoints 1-52,text,true,,15169,165,25,25,http://localhost:8080/unidades-medidas,54,0,0
1731540204104,681,criar usuário,201,,endpoints 1-87,,true,,357,386,24,24,http://localhost:8080/usuarios,681,0,0
1731540203763,1022,criar usuário,201,,endpoints 1-53,,true,,357,386,24,24,http://localhost:8080/usuarios,1021,0,1
1731540203952,838,criar usuário,201,,endpoints 1-72,,true,,357,386,24,24,http://localhost:8080/usuarios,838,0,1
1731540204779,11,listar unidades de medida,200,,endpoints 1-61,text,true,,15584,165,24,24,http://localhost:8080/unidades-medidas,10,0,0
1731540204774,17,criar unidade de medida,201,,endpoints 1-78,text,true,,524,364,23,23,http://localhost:8080/unidades-medidas,14,0,0
1731540204776,17,listar condomínios,200,,endpoints 1-64,text,true,,410,160,23,23,http://localhost:8080/condominios,17,0,0
1731540204763,30,listar unidades de medida,200,,endpoints 1-90,text,true,,15584,165,23,23,http://localhost:8080/unidades-medidas,30,0,0
1731540204200,593,criar usuário,201,,endpoints 1-96,,true,,357,386,23,23,http://localhost:8080/usuarios,593,0,0
1731540204771,27,listar unidades de medida,200,,endpoints 1-48,text,true,,15584,165,22,22,http://localhost:8080/unidades-medidas,26,0,0
1731540204765,34,criar unidade de medida,201,,endpoints 1-70,text,true,,524,364,21,21,http://localhost:8080/unidades-medidas,32,0,0
1731540203774,1027,criar usuário,201,,endpoints 1-54,,true,,357,386,21,21,http://localhost:8080/usuarios,1027,0,1
1731540204762,39,criar unidade de medida,201,,endpoints 1-68,text,true,,524,364,21,21,http://localhost:8080/unidades-medidas,38,0,0
1731540204766,40,listar unidades de medida,200,,endpoints 1-97,text,true,,15584,165,21,21,http://localhost:8080/unidades-medidas,37,0,0
1731540204781,28,criar unidade de medida,201,,endpoints 1-91,text,true,,524,364,20,20,http://localhost:8080/unidades-medidas,27,0,0
1731540204791,20,listar condomínios,200,,endpoints 1-78,text,true,,410,160,20,20,http://localhost:8080/condominios,16,0,0
1731540204800,15,listar condomínios,200,,endpoints 1-70,text,true,,410,160,20,20,http://localhost:8080/condominios,14,0,0
1731540204785,31,criar unidade de medida,201,,endpoints 1-53,text,true,,524,364,20,20,http://localhost:8080/unidades-medidas,30,0,0
1731540204802,14,listar condomínios,200,,endpoints 1-68,text,true,,410,160,20,20,http://localhost:8080/condominios,13,0,0
1731540204790,27,criar unidade de medida,201,,endpoints 1-72,text,true,,524,364,20,20,http://localhost:8080/unidades-medidas,27,0,0
1731540204794,24,criar unidade de medida,201,,endpoints 1-96,text,true,,524,364,20,20,http://localhost:8080/unidades-medidas,24,0,0
1731540204785,33,criar unidade de medida,201,,endpoints 1-87,text,true,,524,364,20,20,http://localhost:8080/unidades-medidas,33,0,0
1731540204781,38,listar unidades de medida,200,,endpoints 1-82,text,true,,15833,165,20,20,http://localhost:8080/unidades-medidas,35,0,0
1731540204793,28,listar unidades de medida,200,,endpoints 1-64,text,true,,15916,165,19,19,http://localhost:8080/unidades-medidas,22,0,0
1731540204809,14,listar condomínios,200,,endpoints 1-91,text,true,,410,160,18,18,http://localhost:8080/condominios,13,0,0
1731540204816,8,listar condomínios,200,,endpoints 1-53,text,true,,410,160,18,18,http://localhost:8080/condominios,8,0,0
1731540204802,26,criar unidade de medida,201,,endpoints 1-54,text,true,,524,364,18,18,http://localhost:8080/unidades-medidas,26,0,0
1731540204223,610,criar usuário,201,,endpoints 1-99,,true,,357,386,18,18,http://localhost:8080/usuarios,610,0,0
1731540204023,812,criar usuário,201,,endpoints 1-79,,true,,357,386,18,18,http://localhost:8080/usuarios,812,0,1
1731540204819,18,listar condomínios,200,,endpoints 1-87,text,true,,410,160,18,18,http://localhost:8080/condominios,15,0,0
1731540204816,23,listar unidades de medida,200,,endpoints 1-68,text,true,,16331,165,18,18,http://localhost:8080/unidades-medidas,22,0,0
1731540204824,15,listar unidades de medida,200,,endpoints 1-53,text,true,,16331,165,17,17,http://localhost:8080/unidades-medidas,15,0,0
1731540204213,627,criar usuário,201,,endpoints 1-98,,true,,357,386,17,17,http://localhost:8080/usuarios,627,0,0
1731540204829,12,listar condomínios,200,,endpoints 1-54,text,true,,410,160,16,16,http://localhost:8080/condominios,11,0,0
1731540204818,23,listar condomínios,200,,endpoints 1-72,text,true,,410,160,16,16,http://localhost:8080/condominios,15,0,0
1731540204823,22,listar unidades de medida,200,,endpoints 1-91,text,true,,16331,165,16,16,http://localhost:8080/unidades-medidas,22,0,0
1731540204816,29,listar unidades de medida,200,,endpoints 1-70,text,true,,16331,165,16,16,http://localhost:8080/unidades-medidas,29,0,0
1731540204833,17,criar unidade de medida,201,,endpoints 1-99,text,true,,524,364,14,14,http://localhost:8080/unidades-medidas,15,0,0
1731540204836,16,criar unidade de medida,201,,endpoints 1-79,text,true,,524,364,14,14,http://localhost:8080/unidades-medidas,16,0,0
1731540204819,33,listar condomínios,200,,endpoints 1-96,text,true,,410,160,14,14,http://localhost:8080/condominios,33,0,0
1731540204838,15,listar unidades de medida,200,,endpoints 1-87,text,true,,16331,165,14,14,http://localhost:8080/unidades-medidas,13,0,0
1731540204811,43,listar unidades de medida,200,,endpoints 1-78,text,true,,16248,165,13,13,http://localhost:8080/unidades-medidas,43,0,0
1731540204841,15,listar unidades de medida,200,,endpoints 1-72,text,true,,16331,165,12,12,http://localhost:8080/unidades-medidas,14,0,0
1731540204840,17,criar unidade de medida,201,,endpoints 1-98,text,true,,524,364,11,11,http://localhost:8080/unidades-medidas,17,0,0
1731540204841,19,listar unidades de medida,200,,endpoints 1-54,text,true,,16497,165,11,11,http://localhost:8080/unidades-medidas,19,0,0
1731540204851,9,listar condomínios,200,,endpoints 1-99,text,true,,410,160,11,11,http://localhost:8080/condominios,9,0,0
1731540203974,890,criar usuário,201,,endpoints 1-74,,true,,357,386,10,10,http://localhost:8080/usuarios,890,0,0
1731540204857,8,listar condomínios,200,,endpoints 1-98,text,true,,410,160,10,10,http://localhost:8080/condominios,8,0,0
1731540204853,12,listar condomínios,200,,endpoints 1-79,text,true,,410,160,10,10,http://localhost:8080/condominios,11,0,0
1731540204853,12,listar unidades de medida,200,,endpoints 1-96,text,true,,16580,165,10,10,http://localhost:8080/unidades-medidas,12,0,0
1731540203924,944,criar usuário,201,,endpoints 1-69,,true,,357,386,9,9,http://localhost:8080/usuarios,944,0,1
1731540204861,9,listar unidades de medida,200,,endpoints 1-99,text,true,,16580,165,9,9,http://localhost:8080/unidades-medidas,9,0,0
1731540203903,971,criar usuário,201,,endpoints 1-67,,true,,357,386,8,8,http://localhost:8080/usuarios,970,0,1
1731540204865,9,listar unidades de medida,200,,endpoints 1-98,text,true,,16580,165,8,8,http://localhost:8080/unidades-medidas,9,0,0
1731540204865,9,listar unidades de medida,200,,endpoints 1-79,text,true,,16580,165,8,8,http://localhost:8080/unidades-medidas,9,0,0
1731540204864,12,criar unidade de medida,201,,endpoints 1-74,text,true,,524,364,6,6,http://localhost:8080/unidades-medidas,12,0,0
1731540204043,833,criar usuário,201,,endpoints 1-81,,true,,357,386,6,6,http://localhost:8080/usuarios,833,0,0
1731540204868,12,criar unidade de medida,201,,endpoints 1-69,text,true,,524,364,6,6,http://localhost:8080/unidades-medidas,12,0,0
1731540204876,5,listar condomínios,200,,endpoints 1-74,text,true,,410,160,6,6,http://localhost:8080/condominios,4,0,0
1731540204880,5,listar condomínios,200,,endpoints 1-69,text,true,,410,160,6,6,http://localhost:8080/condominios,4,0,0
1731540204114,771,criar usuário,201,,endpoints 1-88,,true,,357,386,6,6,http://localhost:8080/usuarios,771,0,1
1731540204874,12,criar unidade de medida,201,,endpoints 1-67,text,true,,524,364,6,6,http://localhost:8080/unidades-medidas,12,0,0
1731540204881,8,listar unidades de medida,200,,endpoints 1-74,text,true,,16746,165,6,6,http://localhost:8080/unidades-medidas,7,0,0
1731540204887,4,listar condomínios,200,,endpoints 1-67,text,true,,410,160,5,5,http://localhost:8080/condominios,4,0,0
1731540204876,17,criar unidade de medida,201,,endpoints 1-81,text,true,,524,364,5,5,http://localhost:8080/unidades-medidas,17,0,0
1731540204885,8,listar unidades de medida,200,,endpoints 1-69,text,true,,16835,165,5,5,http://localhost:8080/unidades-medidas,8,0,0
1731540204885,11,criar unidade de medida,201,,endpoints 1-88,text,true,,524,364,4,4,http://localhost:8080/unidades-medidas,11,0,0
1731540204002,894,criar usuário,201,,endpoints 1-77,,true,,357,386,4,4,http://localhost:8080/usuarios,894,0,1
1731540204893,4,listar condomínios,200,,endpoints 1-81,text,true,,410,160,4,4,http://localhost:8080/condominios,4,0,0
1731540204891,8,listar unidades de medida,200,,endpoints 1-67,text,true,,16918,165,4,4,http://localhost:8080/unidades-medidas,8,0,0
1731540204896,4,listar condomínios,200,,endpoints 1-88,text,true,,410,160,3,3,http://localhost:8080/condominios,4,0,0
1731540204897,6,listar unidades de medida,200,,endpoints 1-81,text,true,,17001,165,3,3,http://localhost:8080/unidades-medidas,6,0,0
1731540204896,7,criar unidade de medida,201,,endpoints 1-77,text,true,,524,364,3,3,http://localhost:8080/unidades-medidas,7,0,0
1731540204901,5,listar unidades de medida,200,,endpoints 1-88,text,true,,17085,165,2,2,http://localhost:8080/unidades-medidas,5,0,0
1731540204904,3,listar condomínios,200,,endpoints 1-77,text,true,,410,160,1,1,http://localhost:8080/condominios,3,0,0
1731540204907,6,listar unidades de medida,200,,endpoints 1-77,text,true,,17085,165,1,1,http://localhost:8080/unidades-medidas,6,0,0
