{
  "listar condomínios" : {
    "transaction" : "listar condomínios",
    "sampleCount" : 6500,
    "errorCount" : 132,
    "errorPct" : 2.0307693,
    "meanResTime" : 178219.63738461563,
    "medianResTime" : 109313.0,
    "minResTime" : 4.0,
    "maxResTime" : 667373.0,
    "pct1ResTime" : 555026.9000000001,
    "pct2ResTime" : 632591.95,
    "pct3ResTime" : 641440.37,
    "throughput" : 6.195485683185738,
    "receivedKBytesPerSec" : 2.6399657020295457,
    "sentKBytesPerSec" : 0.9561302424531836
  },
  "criar unidade de medida" : {
    "transaction" : "criar unidade de medida",
    "sampleCount" : 6500,
    "errorCount" : 202,
    "errorPct" : 3.1076922,
    "meanResTime" : 90231.19553846141,
    "medianResTime" : 73642.5,
    "minResTime" : 10.0,
    "maxResTime" : 299732.0,
    "pct1ResTime" : 192120.30000000005,
    "pct2ResTime" : 263051.1,
    "pct3ResTime" : 273442.85,
    "throughput" : 15.698094251357885,
    "receivedKBytesPerSec" : 9.01359524773404,
    "sentKBytesPerSec" : 5.407625545508775
  },
  "listar unidades de medida" : {
    "transaction" : "listar unidades de medida",
    "sampleCount" : 6500,
    "errorCount" : 403,
    "errorPct" : 6.2,
    "meanResTime" : 316802.3689230772,
    "medianResTime" : 294765.5,
    "minResTime" : 1156.0,
    "maxResTime" : 645796.0,
    "pct1ResTime" : 590911.6000000001,
    "pct2ResTime" : 623469.0,
    "pct3ResTime" : 636489.7899999999,
    "throughput" : 5.505385961435195,
    "receivedKBytesPerSec" : 15793.389790437748,
    "sentKBytesPerSec" : 0.8853241272163413
  },
  "Total" : {
    "transaction" : "Total",
    "sampleCount" : 26000,
    "errorCount" : 737,
    "errorPct" : 2.8346155,
    "meanResTime" : 161353.14988461512,
    "medianResTime" : 110255.5,
    "minResTime" : 4.0,
    "maxResTime" : 667373.0,
    "pct1ResTime" : 519686.20000000024,
    "pct2ResTime" : 614646.15,
    "pct3ResTime" : 635896.97,
    "throughput" : 21.98616224772993,
    "receivedKBytesPerSec" : 15775.42928741527,
    "sentKBytesPerSec" : 5.69753342610155
  },
  "criar usuário" : {
    "transaction" : "criar usuário",
    "sampleCount" : 6500,
    "errorCount" : 0,
    "errorPct" : 0.0,
    "meanResTime" : 60159.39769230783,
    "medianResTime" : 64862.5,
    "minResTime" : 980.0,
    "maxResTime" : 114016.0,
    "pct1ResTime" : 103996.1,
    "pct2ResTime" : 109157.45,
    "pct3ResTime" : 112993.98,
    "throughput" : 49.53399937510955,
    "receivedKBytesPerSec" : 17.269177516517683,
    "sentKBytesPerSec" : 18.67199585819559
  }
}